1.jpg;2
2.jpg;2
3.jpg;2
4.jpg;2
5.jpg;2
6.jpg;2
7.jpg;2
8.jpg;2
9.jpg;5
10.jpg;4
11.jpg;4
12.jpg;4
13.jpg;2
14.jpg;2
15.jpg;4
16.jpg;4
17.jpg;4
18.jpg;4
19.jpg;4
20.jpg;2
21.jpg;5
22.jpg;5
23.jpg;4
24.jpg;4
25.jpg;4
26.jpg;4
27.jpg;5
28.jpg;5
29.jpg;2
30.jpg;2
31.jpg;4
32.jpg;2
33.jpg;4
34.jpg;2
35.jpg;4
36.jpg;4
37.jpg;5
38.jpg;5
39.jpg;4
40.jpg;4
41.jpg;2
42.jpg;2
43.jpg;2
44.jpg;2
45.jpg;5
46.jpg;1
47.jpg;2
48.jpg;4
49.jpg;5
50.jpg;5
51.jpg;5
52.jpg;4
53.jpg;4
54.jpg;4
55.jpg;2
56.jpg;4
57.jpg;2
58.jpg;4
59.jpg;4
60.jpg;2
61.jpg;2
62.jpg;2
63.jpg;2
64.jpg;2
65.jpg;4
66.jpg;4
67.jpg;2
68.jpg;5
69.jpg;5
70.jpg;2
71.jpg;2
72.jpg;2
73.jpg;2
74.jpg;2
75.jpg;5
76.jpg;1
77.jpg;4
78.jpg;5
79.jpg;5
80.jpg;5
81.jpg;4
82.jpg;5
83.jpg;2
84.jpg;4
85.jpg;4
86.jpg;2
87.jpg;5
88.jpg;5
89.jpg;2
90.jpg;4
91.jpg;5
92.jpg;5
93.jpg;4
94.jpg;4
95.jpg;4
96.jpg;2
97.jpg;4
98.jpg;2
99.jpg;2
100.jpg;2
101.jpg;2
102.jpg;4
103.jpg;4
104.jpg;1
105.jpg;1
106.jpg;4
107.jpg;4
108.jpg;2
109.jpg;5
110.jpg;5
111.jpg;2
112.jpg;2
113.jpg;5
114.jpg;5
115.jpg;2
116.jpg;5
117.jpg;4
118.jpg;4
119.jpg;5
120.jpg;4
121.jpg;4
122.jpg;2
123.jpg;2
124.jpg;4
125.jpg;2
126.jpg;2
127.jpg;4
128.jpg;3
129.jpg;4
130.jpg;2
131.jpg;5
132.jpg;5
133.jpg;2
134.jpg;5
135.jpg;5
136.jpg;2
137.jpg;2
138.jpg;5
139.jpg;2
140.jpg;2
141.jpg;2
142.jpg;4
143.jpg;4
144.jpg;4
145.jpg;4
146.jpg;2
147.jpg;2
148.jpg;2
149.jpg;2
150.jpg;2
151.jpg;2
152.jpg;3
153.jpg;2
154.jpg;2
155.jpg;4
156.jpg;4
157.jpg;2
158.jpg;2
159.jpg;4
160.jpg;4
161.jpg;4
162.jpg;5
163.jpg;5
164.jpg;2
165.jpg;3
166.jpg;5
167.jpg;2
168.jpg;5
169.jpg;4
170.jpg;4
171.jpg;4
172.jpg;4
173.jpg;2
174.jpg;4
175.jpg;2
176.jpg;2
177.jpg;2
178.jpg;5
179.jpg;5
180.jpg;5
181.jpg;2
182.jpg;2
183.jpg;2
184.jpg;2
185.jpg;4
186.jpg;4
187.jpg;2
188.jpg;2
189.jpg;4
190.jpg;2
191.jpg;5
192.jpg;5
193.jpg;4
194.jpg;4
195.jpg;4
196.jpg;4
197.jpg;5
198.jpg;2
199.jpg;4
200.jpg;2
201.jpg;4
202.jpg;2
203.jpg;2
204.jpg;4
205.jpg;4
206.jpg;5
207.jpg;5
208.jpg;2
209.jpg;4
210.jpg;5
211.jpg;5
212.jpg;4
213.jpg;4
214.jpg;2
215.jpg;2
216.jpg;4
217.jpg;2
218.jpg;4
219.jpg;1
220.jpg;4
221.jpg;4
222.jpg;5
223.jpg;5
224.jpg;1
225.jpg;1
226.jpg;2
227.jpg;2
228.jpg;5
229.jpg;5
230.jpg;2
231.jpg;2
232.jpg;2
233.jpg;4
234.jpg;4
235.jpg;4
236.jpg;2
237.jpg;4
238.jpg;2
239.jpg;4
240.jpg;4
241.jpg;5
242.jpg;2
243.jpg;1
244.jpg;1
245.jpg;3
246.jpg;3
247.jpg;2
248.jpg;2
249.jpg;2
250.jpg;2
251.jpg;5
252.jpg;5
253.jpg;5
254.jpg;5
255.jpg;4
256.jpg;4
257.jpg;5
258.jpg;5
259.jpg;2
260.jpg;5
261.jpg;4
262.jpg;3
263.jpg;4
264.jpg;5
265.jpg;5
266.jpg;5
267.jpg;5
268.jpg;5
269.jpg;5
270.jpg;2
271.jpg;2
272.jpg;4
273.jpg;4
274.jpg;4
275.jpg;4
276.jpg;5
277.jpg;4
278.jpg;4
279.jpg;2
280.jpg;5
281.jpg;5
282.jpg;5
283.jpg;5
284.jpg;5
285.jpg;4
286.jpg;4
287.jpg;4
288.jpg;4
289.jpg;2
290.jpg;2
291.jpg;2
292.jpg;4
293.jpg;3
294.jpg;5
295.jpg;5
296.jpg;2
297.jpg;4
298.jpg;4
299.jpg;4
300.jpg;2
301.jpg;2
302.jpg;2
303.jpg;4
304.jpg;2
305.jpg;2
306.jpg;4
307.jpg;2
308.jpg;2
309.jpg;2
310.jpg;2
311.jpg;4
312.jpg;2
313.jpg;2
314.jpg;2
315.jpg;2
316.jpg;4
317.jpg;2
318.jpg;2
319.jpg;4
320.jpg;4
321.jpg;4
322.jpg;2
323.jpg;2
324.jpg;2
325.jpg;2
326.jpg;2
327.jpg;2
328.jpg;2
329.jpg;5
330.jpg;5
331.jpg;2
332.jpg;2
333.jpg;5
334.jpg;5
335.jpg;3
336.jpg;4
337.jpg;2
338.jpg;2
339.jpg;4
340.jpg;2
341.jpg;2
342.jpg;2
343.jpg;5
344.jpg;5
345.jpg;2
346.jpg;2
347.jpg;2
348.jpg;2
349.jpg;2
350.jpg;2
351.jpg;2
352.jpg;2
353.jpg;2
354.jpg;2
355.jpg;5
356.jpg;5
357.jpg;4
358.jpg;1
359.jpg;2
360.jpg;4
361.jpg;4
362.jpg;5
363.jpg;2
364.jpg;4
365.jpg;5
366.jpg;5
367.jpg;5
368.jpg;5
369.jpg;5
370.jpg;5
371.jpg;2
372.jpg;2
373.jpg;2
374.jpg;4
375.jpg;4
376.jpg;2
377.jpg;4
378.jpg;2
379.jpg;5
380.jpg;5
381.jpg;4
382.jpg;1
383.jpg;2
384.jpg;4
385.jpg;2
386.jpg;2
387.jpg;2
388.jpg;5
389.jpg;4
390.jpg;2
391.jpg;2
392.jpg;2
393.jpg;2
394.jpg;4
395.jpg;4
396.jpg;2
397.jpg;4
398.jpg;2
399.jpg;2
400.jpg;4
401.jpg;4
402.jpg;4
403.jpg;4
404.jpg;5
405.jpg;2
406.jpg;2
407.jpg;4
408.jpg;3
409.jpg;3
410.jpg;2
411.jpg;2
412.jpg;5
413.jpg;4
414.jpg;4
415.jpg;2
416.jpg;2
417.jpg;4
418.jpg;2
419.jpg;4
420.jpg;4
421.jpg;5
422.jpg;5
423.jpg;4
424.jpg;2
425.jpg;4
426.jpg;1
427.jpg;4
428.jpg;4
429.jpg;4
430.jpg;2
431.jpg;2
432.jpg;5
433.jpg;2
434.jpg;1
435.jpg;2
436.jpg;4
437.jpg;5
438.jpg;5
439.jpg;2
440.jpg;2
441.jpg;4
442.jpg;4
443.jpg;5
444.jpg;5
445.jpg;2
446.jpg;2
447.jpg;2
448.jpg;4
449.jpg;5
450.jpg;5
451.jpg;4
452.jpg;2
453.jpg;2
454.jpg;2
455.jpg;3
456.jpg;3
457.jpg;4
458.jpg;2
459.jpg;4
460.jpg;2
461.jpg;4
462.jpg;4
463.jpg;4
464.jpg;2
465.jpg;4
466.jpg;2
467.jpg;2
468.jpg;5
469.jpg;5
470.jpg;4
471.jpg;4
472.jpg;2
473.jpg;2
474.jpg;2
475.jpg;4
476.jpg;2
477.jpg;2
478.jpg;2
479.jpg;2
480.jpg;5
481.jpg;5
482.jpg;3
483.jpg;2
484.jpg;4
485.jpg;4
486.jpg;5
487.jpg;1
488.jpg;2
489.jpg;4
490.jpg;4
491.jpg;4
492.jpg;2
493.jpg;2
494.jpg;4
495.jpg;2
496.jpg;4
497.jpg;1
498.jpg;5
499.jpg;2
500.jpg;2
501.jpg;4
502.jpg;2
503.jpg;5
504.jpg;2
505.jpg;2
506.jpg;4
507.jpg;2
508.jpg;5
509.jpg;5
510.jpg;2
511.jpg;2
512.jpg;2
513.jpg;4
514.jpg;5
515.jpg;2
516.jpg;4
517.jpg;1
518.jpg;5
519.jpg;5
520.jpg;5
521.jpg;5
522.jpg;2
523.jpg;2
524.jpg;3
525.jpg;4
526.jpg;5
527.jpg;5
528.jpg;4
529.jpg;4
530.jpg;4
531.jpg;4
532.jpg;5
533.jpg;5
534.jpg;2
535.jpg;2
536.jpg;4
537.jpg;5
538.jpg;2
539.jpg;2
540.jpg;4
541.jpg;5
542.jpg;5
543.jpg;4
544.jpg;2
545.jpg;4
546.jpg;2
547.jpg;4
548.jpg;4
549.jpg;4
550.jpg;4
551.jpg;5
552.jpg;5
553.jpg;2
554.jpg;2
555.jpg;2
556.jpg;4
557.jpg;4
558.jpg;2
559.jpg;2
560.jpg;4
561.jpg;4
562.jpg;4
563.jpg;4
564.jpg;2
565.jpg;2
566.jpg;5
567.jpg;2
568.jpg;4
569.jpg;2
570.jpg;1
571.jpg;1
572.jpg;4
573.jpg;2
574.jpg;2
575.jpg;2
576.jpg;2
577.jpg;5
578.jpg;5
579.jpg;5
580.jpg;4
581.jpg;2
582.jpg;1
583.jpg;4
584.jpg;4
585.jpg;1
586.jpg;4
587.jpg;2
588.jpg;2
589.jpg;4
590.jpg;4
591.jpg;5
592.jpg;5
593.jpg;2
594.jpg;4
595.jpg;2
596.jpg;2
597.jpg;5
598.jpg;5
599.jpg;4
600.jpg;4
601.jpg;2
602.jpg;2
603.jpg;4
604.jpg;2
605.jpg;2
606.jpg;4
607.jpg;2
608.jpg;2
609.jpg;1
610.jpg;1
611.jpg;2
612.jpg;4
613.jpg;1
614.jpg;2
615.jpg;4
616.jpg;2
617.jpg;2
618.jpg;4
619.jpg;2
620.jpg;4
621.jpg;4
622.jpg;2
623.jpg;2
624.jpg;4
625.jpg;4
626.jpg;2
627.jpg;2
628.jpg;2
629.jpg;2
630.jpg;5
631.jpg;5
632.jpg;4
633.jpg;2
634.jpg;2
635.jpg;2
636.jpg;4
637.jpg;4
638.jpg;2
639.jpg;2
640.jpg;1
641.jpg;2
642.jpg;2
643.jpg;2
644.jpg;2
645.jpg;5
646.jpg;5
647.jpg;1
648.jpg;3
649.jpg;5
650.jpg;5
651.jpg;4
652.jpg;2
653.jpg;2
654.jpg;2
655.jpg;4
656.jpg;2
657.jpg;2
658.jpg;2
659.jpg;2
660.jpg;2
661.jpg;4
662.jpg;2
663.jpg;5
664.jpg;5
665.jpg;2
666.jpg;2
667.jpg;4
668.jpg;4
669.jpg;2
670.jpg;2
671.jpg;4
672.jpg;2
673.jpg;4
674.jpg;4
675.jpg;4
676.jpg;4
677.jpg;4
678.jpg;4
679.jpg;1
680.jpg;2
681.jpg;4
682.jpg;2
683.jpg;2
684.jpg;4
685.jpg;4
686.jpg;5
687.jpg;5
688.jpg;5
689.jpg;5
690.jpg;5
691.jpg;5
692.jpg;4
693.jpg;4
694.jpg;5
695.jpg;5
696.jpg;3
697.jpg;3
698.jpg;2
699.jpg;2
700.jpg;1
701.jpg;1
702.jpg;2
703.jpg;2
704.jpg;4
705.jpg;4
706.jpg;4
707.jpg;4
708.jpg;4
709.jpg;4
710.jpg;4
711.jpg;2
712.jpg;2
713.jpg;2
714.jpg;4
715.jpg;4
716.jpg;4
717.jpg;2
718.jpg;4
719.jpg;2
720.jpg;2
721.jpg;2
722.jpg;4
723.jpg;2
724.jpg;5
725.jpg;5
726.jpg;3
727.jpg;4
728.jpg;2
729.jpg;2
730.jpg;5
731.jpg;5
732.jpg;5
733.jpg;5
734.jpg;5
735.jpg;5
736.jpg;5
737.jpg;2
738.jpg;4
739.jpg;1
740.jpg;2
741.jpg;2
742.jpg;4
743.jpg;5
744.jpg;2
745.jpg;2
746.jpg;4
747.jpg;2
748.jpg;2
749.jpg;2
750.jpg;2
751.jpg;2
752.jpg;3
753.jpg;3
754.jpg;2
755.jpg;4
756.jpg;2
757.jpg;5
758.jpg;5
759.jpg;5
760.jpg;2
761.jpg;5
762.jpg;2
763.jpg;3
764.jpg;2
765.jpg;4
766.jpg;4
767.jpg;4
768.jpg;2
769.jpg;2
770.jpg;2
771.jpg;2
772.jpg;3
773.jpg;3
774.jpg;5
775.jpg;5
776.jpg;2
777.jpg;2
778.jpg;4
779.jpg;4
780.jpg;2
781.jpg;2
782.jpg;2
783.jpg;2
784.jpg;4
785.jpg;2
786.jpg;4
787.jpg;2
788.jpg;2
789.jpg;2
790.jpg;4
791.jpg;2
792.jpg;4
793.jpg;4
794.jpg;4
795.jpg;5
796.jpg;4
797.jpg;4
798.jpg;2
799.jpg;2
800.jpg;2
801.jpg;4
802.jpg;2
803.jpg;2
804.jpg;2
805.jpg;4
806.jpg;5
807.jpg;5
808.jpg;4
809.jpg;4
810.jpg;4
811.jpg;4
812.jpg;2
813.jpg;2
814.jpg;4
815.jpg;4
816.jpg;5
817.jpg;5
818.jpg;2
819.jpg;2
820.jpg;2
821.jpg;2
822.jpg;4
823.jpg;4
824.jpg;2
825.jpg;2
826.jpg;2
827.jpg;2
828.jpg;2
829.jpg;2
830.jpg;4
831.jpg;4
832.jpg;4
833.jpg;4
834.jpg;4
835.jpg;1
836.jpg;2
837.jpg;2
838.jpg;4
839.jpg;4
840.jpg;2
841.jpg;2
842.jpg;4
843.jpg;4
844.jpg;4
845.jpg;4
846.jpg;5
847.jpg;4
848.jpg;4
849.jpg;2
850.jpg;5
851.jpg;5
852.jpg;4
853.jpg;5
854.jpg;2
855.jpg;5
856.jpg;5
857.jpg;5
858.jpg;4
859.jpg;2
860.jpg;1
861.jpg;3
862.jpg;4
863.jpg;4
864.jpg;2
865.jpg;4
866.jpg;2
867.jpg;2
868.jpg;2
869.jpg;2
870.jpg;2
871.jpg;2
872.jpg;2
873.jpg;2
874.jpg;2
875.jpg;2
876.jpg;5
877.jpg;4
878.jpg;2
879.jpg;4
880.jpg;4
881.jpg;4
882.jpg;4
883.jpg;4
884.jpg;4
885.jpg;4
886.jpg;2
887.jpg;4
888.jpg;4
889.jpg;2
890.jpg;2
891.jpg;5
892.jpg;2
893.jpg;4
894.jpg;5
895.jpg;4
896.jpg;2
897.jpg;2
898.jpg;2
899.jpg;2
900.jpg;4
901.jpg;4
902.jpg;2
903.jpg;2
904.jpg;4
905.jpg;2
906.jpg;2
907.jpg;4
908.jpg;5
909.jpg;5
910.jpg;4
911.jpg;2
912.jpg;4
913.jpg;4
914.jpg;2
915.jpg;2
916.jpg;2
917.jpg;5
918.jpg;5
919.jpg;4
920.jpg;4
921.jpg;2
922.jpg;4
923.jpg;2
924.jpg;2
925.jpg;4
926.jpg;5
927.jpg;5
928.jpg;2
929.jpg;2
930.jpg;4
931.jpg;4
932.jpg;5
933.jpg;5
934.jpg;5
935.jpg;5
936.jpg;2
937.jpg;4
938.jpg;4
939.jpg;2
940.jpg;2
941.jpg;3
942.jpg;2
943.jpg;4
944.jpg;2
945.jpg;5
946.jpg;5
947.jpg;4
948.jpg;5
949.jpg;4
950.jpg;5
951.jpg;4
952.jpg;2
953.jpg;2
954.jpg;5
955.jpg;5
956.jpg;4
957.jpg;4
958.jpg;2
959.jpg;4
960.jpg;2
961.jpg;2
962.jpg;4
963.jpg;5
964.jpg;5
965.jpg;4
966.jpg;4
967.jpg;2
968.jpg;4
969.jpg;2
970.jpg;2
971.jpg;2
972.jpg;4
973.jpg;4
974.jpg;2
975.jpg;2
976.jpg;2
977.jpg;2
978.jpg;2
979.jpg;5
980.jpg;5
981.jpg;2
982.jpg;2
983.jpg;2
984.jpg;2
985.jpg;2
986.jpg;2
987.jpg;3
988.jpg;3
989.jpg;4
990.jpg;2
991.jpg;2
992.jpg;3
993.jpg;4
994.jpg;4
995.jpg;4
996.jpg;1
997.jpg;4
998.jpg;2
999.jpg;4
1000.jpg;5
1001.jpg;5
1002.jpg;2
1003.jpg;2
1004.jpg;4
1005.jpg;2
1006.jpg;2
1007.jpg;4
1008.jpg;2
1009.jpg;4
1010.jpg;4
1011.jpg;5
1012.jpg;5
1013.jpg;4
1014.jpg;2
1015.jpg;4
1016.jpg;5
1017.jpg;4
1018.jpg;2
1019.jpg;5
1020.jpg;5
1021.jpg;4
1022.jpg;2
1023.jpg;2
1024.jpg;2
1025.jpg;2
1026.jpg;2
1027.jpg;4
1028.jpg;2
1029.jpg;2
1030.jpg;2
1031.jpg;4
1032.jpg;4
1033.jpg;4
1034.jpg;2
1035.jpg;4
1036.jpg;4
1037.jpg;2
1038.jpg;2
1039.jpg;2
1040.jpg;4
1041.jpg;4
1042.jpg;2
1043.jpg;2
1044.jpg;2
1045.jpg;2
1046.jpg;2
1047.jpg;5
1048.jpg;5
1049.jpg;5
1050.jpg;2
1051.jpg;5
1052.jpg;5
1053.jpg;4
1054.jpg;1
1055.jpg;4
1056.jpg;4
1057.jpg;5
1058.jpg;2
1059.jpg;5
1060.jpg;5
1061.jpg;4
1062.jpg;4
1063.jpg;4
1064.jpg;4
1065.jpg;4
1066.jpg;2
1067.jpg;2
1068.jpg;4
1069.jpg;2
1070.jpg;2
1071.jpg;2
1072.jpg;4
1073.jpg;4
1074.jpg;4
1075.jpg;5
1076.jpg;5
1077.jpg;2
1078.jpg;2
1079.jpg;2
1080.jpg;4
1081.jpg;2
1082.jpg;2
1083.jpg;2
1084.jpg;5
1085.jpg;2
1086.jpg;2
1087.jpg;2
1088.jpg;4
1089.jpg;4
1090.jpg;2
1091.jpg;2
1092.jpg;4
1093.jpg;5
1094.jpg;2
1095.jpg;4
1096.jpg;1
1097.jpg;5
1098.jpg;5
1099.jpg;4
1100.jpg;4
1101.jpg;4
1102.jpg;2
1103.jpg;2
1104.jpg;4
1105.jpg;4
1106.jpg;1
1107.jpg;2
1108.jpg;4
1109.jpg;2
1110.jpg;4
1111.jpg;4
1112.jpg;1
1113.jpg;4
1114.jpg;3
1115.jpg;3
1116.jpg;1
1117.jpg;4
1118.jpg;5
1119.jpg;5
1120.jpg;4
1121.jpg;3
1122.jpg;1
1123.jpg;4
1124.jpg;2
1125.jpg;4
1126.jpg;2
1127.jpg;4
1128.jpg;4
1129.jpg;4
1130.jpg;2
1131.jpg;2
1132.jpg;2
1133.jpg;5
1134.jpg;5
1135.jpg;2
1136.jpg;2
1137.jpg;4
1138.jpg;4
1139.jpg;4
1140.jpg;2
1141.jpg;3
1142.jpg;5
1143.jpg;2
1144.jpg;2
1145.jpg;5
1146.jpg;4
1147.jpg;4
1148.jpg;4
1149.jpg;3
1150.jpg;3
1151.jpg;5
1152.jpg;5
1153.jpg;5
1154.jpg;5
1155.jpg;4
1156.jpg;5
1157.jpg;5
1158.jpg;4
1159.jpg;4
1160.jpg;2
1161.jpg;2
1162.jpg;5
1163.jpg;2
1164.jpg;4
1165.jpg;2
1166.jpg;5
1167.jpg;3
1168.jpg;3
1169.jpg;5
1170.jpg;3
1171.jpg;5
1172.jpg;5
1173.jpg;2
1174.jpg;2
1175.jpg;5
1176.jpg;4
1177.jpg;4
1178.jpg;1
1179.jpg;4
1180.jpg;3
1181.jpg;5
1182.jpg;2
1183.jpg;3
1184.jpg;5
1185.jpg;5
1186.jpg;5
1187.jpg;2
1188.jpg;2
1189.jpg;3
1190.jpg;5
1191.jpg;2
1192.jpg;2
1193.jpg;2
1194.jpg;3
1195.jpg;2
1196.jpg;3
1197.jpg;2
1198.jpg;2
1199.jpg;2
1200.jpg;5
1201.jpg;2
1202.jpg;2
1203.jpg;2
1204.jpg;5
1205.jpg;5
1206.jpg;2
1207.jpg;4
1208.jpg;2
1209.jpg;5
1210.jpg;5
1211.jpg;2
1212.jpg;5
1213.jpg;5
1214.jpg;5
1215.jpg;4
1216.jpg;2
1217.jpg;2
1218.jpg;2
1219.jpg;3
1220.jpg;5
1221.jpg;3
1222.jpg;4
1223.jpg;2
1224.jpg;5
1225.jpg;5
1226.jpg;2
1227.jpg;4
1228.jpg;2
1229.jpg;4
1230.jpg;4
1231.jpg;5
1232.jpg;5
1233.jpg;4
1234.jpg;4
1235.jpg;4
1236.jpg;2
1237.jpg;3
1238.jpg;4
1239.jpg;4
1240.jpg;3
1241.jpg;5
1242.jpg;5
1243.jpg;2
1244.jpg;5
1245.jpg;2
1246.jpg;4
1247.jpg;3
1248.jpg;5
1249.jpg;5
1250.jpg;2
1251.jpg;4
1252.jpg;5
1253.jpg;4
1254.jpg;5
1255.jpg;5
1256.jpg;4
1257.jpg;4
1258.jpg;5
1259.jpg;4
1260.jpg;4
1261.jpg;5
1262.jpg;5
1263.jpg;5
1264.jpg;4
1265.jpg;5
1266.jpg;5
1267.jpg;5
1268.jpg;5
1269.jpg;4
1270.jpg;2
1271.jpg;2
1272.jpg;2
1273.jpg;4
1274.jpg;4
